1	Carlos	Johnson	carlos_johnson	carlos_johnson@yahoo.com	https://picsum.photos/id/170/300/200	https://picsum.photos/id/150/30/30
2	Nicholas	Kerr	nicholas_kerr	nicholas_kerr@hotmail.com	https://picsum.photos/id/191/300/200	https://picsum.photos/id/32/30/30
3	Thomas	Choi	thomas_choi	thomas_choi@hotmail.com	https://picsum.photos/id/62/300/200	https://picsum.photos/id/77/30/30
4	Benjamin	Duran	benjamin_duran	benjamin_duran@gmail.com	https://picsum.photos/id/185/300/200	https://picsum.photos/id/104/30/30
5	Kristy	Norris	kristy_norris	kristy_norris@hotmail.com	https://picsum.photos/id/167/300/200	https://picsum.photos/id/28/30/30
6	Edwin	Rodriguez	edwin_rodriguez	edwin_rodriguez@yahoo.com	https://picsum.photos/id/165/300/200	https://picsum.photos/id/94/30/30
7	Julie	Mueller	julie_mueller	julie_mueller@hotmail.com	https://picsum.photos/id/100/300/200	https://picsum.photos/id/111/30/30
8	Nicholas	Fleming	nicholas_fleming	nicholas_fleming@hotmail.com	https://picsum.photos/id/76/300/200	https://picsum.photos/id/123/30/30
9	Daniel	Stanley	daniel_stanley	daniel_stanley@yahoo.com	https://picsum.photos/id/130/300/200	https://picsum.photos/id/84/30/30
10	Craig	Miller	craig_miller	craig_miller@gmail.com	https://picsum.photos/id/122/300/200	https://picsum.photos/id/81/30/30
11	Marcia	Newton	marcia_newton	marcia_newton@yahoo.com	https://picsum.photos/id/182/300/200	https://picsum.photos/id/133/30/30
12	David	Barrett	david_barrett	david_barrett@gmail.com	https://picsum.photos/id/172/300/200	https://picsum.photos/id/128/30/30
13	Timothy	Green	timothy_green	timothy_green@hotmail.com	https://picsum.photos/id/30/300/200	https://picsum.photos/id/40/30/30
14	Jeffrey	Conner	jeffrey_conner	jeffrey_conner@hotmail.com	https://picsum.photos/id/44/300/200	https://picsum.photos/id/128/30/30
15	Jennifer	Spencer	jennifer_spencer	jennifer_spencer@yahoo.com	https://picsum.photos/id/137/300/200	https://picsum.photos/id/26/30/30
16	Matthew	Cook	matthew_cook	matthew_cook@gmail.com	https://picsum.photos/id/160/300/200	https://picsum.photos/id/149/30/30
17	Carolyn	James	carolyn_james	carolyn_james@hotmail.com	https://picsum.photos/id/197/300/200	https://picsum.photos/id/189/30/30
18	Sarah	Wong	sarah_wong	sarah_wong@hotmail.com	https://picsum.photos/id/85/300/200	https://picsum.photos/id/166/30/30
19	Donna	Brown	donna_brown	donna_brown@hotmail.com	https://picsum.photos/id/150/300/200	https://picsum.photos/id/179/30/30
20	Michelle	Nichols	michelle_nichols	michelle_nichols@yahoo.com	https://picsum.photos/id/166/300/200	https://picsum.photos/id/124/30/30
21	Douglas	Baker	douglas_baker	douglas_baker@gmail.com	https://picsum.photos/id/95/300/200	https://picsum.photos/id/77/30/30
22	Amanda	Brown	amanda_brown	amanda_brown@yahoo.com	https://picsum.photos/id/176/300/200	https://picsum.photos/id/22/30/30
23	Dennis	Chan IV	dennis_chan_iv	dennis_chan_iv@hotmail.com	https://picsum.photos/id/113/300/200	https://picsum.photos/id/155/30/30
24	Natalie	Miller	natalie_miller	natalie_miller@gmail.com	https://picsum.photos/id/70/300/200	https://picsum.photos/id/112/30/30
25	Pamela	Rivas	pamela_rivas	pamela_rivas@yahoo.com	https://picsum.photos/id/164/300/200	https://picsum.photos/id/25/30/30
26	Cody	Young	cody_young	cody_young@gmail.com	https://picsum.photos/id/148/300/200	https://picsum.photos/id/148/30/30
27	Michael	Fox	michael_fox	michael_fox@yahoo.com	https://picsum.photos/id/30/300/200	https://picsum.photos/id/197/30/30
28	Franklin	Anderson	franklin_anderson	franklin_anderson@gmail.com	https://picsum.photos/id/36/300/200	https://picsum.photos/id/196/30/30
29	Dana	Turner	dana_turner	dana_turner@yahoo.com	https://picsum.photos/id/159/300/200	https://picsum.photos/id/182/30/30
30	Luis	Cameron	luis_cameron	luis_cameron@gmail.com	https://picsum.photos/id/57/300/200	https://picsum.photos/id/168/30/30
\.


